<?xml version="1.0" encoding="UTF-8" standalone="no" ?>
<Mission xmlns="http://ProjectMalmo.microsoft.com" 
         xmlns:xsi="http://www.w3.org/2001/XMLSchema-instance">

  <About>
    <Summary>A simple 10 second mission with a reward for reaching a location.</Summary>
  </About>

  <ServerSection>
    <ServerInitialConditions>
            <Time>
                <StartTime>6000</StartTime>
                <AllowPassageOfTime>true</AllowPassageOfTime>
            </Time>
            <Weather>rain</Weather>
            <AllowSpawning>true</AllowSpawning>
    </ServerInitialConditions>
    <ServerHandlers>
      <FlatWorldGenerator generatorString="3;7,220*1,5*3,2;3;,biome_1"/>
      <DrawingDecorator>
          <DrawBlock type="planks" x="19" y="227" z="18"/>
          <DrawBlock type="planks" x="19" y="227" z="20"/>
          <DrawBlock type="planks" x="18" y="227" z="18"/>
          <DrawBlock type="planks" x="18" y="227" z="20"/>
          <DrawBlock type="planks" x="20" y="227" z="18"/>
          <DrawBlock type="planks" x="20" y="227" z="19"/>
          <DrawBlock type="planks" x="20" y="227" z="20"/>
          
          <DrawBlock type="planks" x="19" y="228" z="18"/>
          <DrawBlock type="planks" x="19" y="228" z="20"/>
          <DrawBlock type="planks" x="18" y="228" z="18"/>
          <DrawBlock type="planks" x="18" y="228" z="20"/>
          <DrawBlock type="planks" x="20" y="228" z="18"/>
          <DrawBlock type="planks" x="20" y="228" z="19"/>
          <DrawBlock type="planks" x="20" y="228" z="20"/>        
          
          <DrawBlock type="planks" x="19" y="229" z="18"/>
          <DrawBlock type="planks" x="19" y="229" z="19"/>
          <DrawBlock type="planks" x="19" y="229" z="20"/>
          <DrawBlock type="planks" x="18" y="229" z="18"/>
          <DrawBlock type="planks" x="18" y="229" z="19"/>
          <DrawBlock type="planks" x="18" y="229" z="20"/>
          <DrawBlock type="planks" x="20" y="229" z="18"/>
          <DrawBlock type="planks" x="20" y="229" z="19"/>
          <DrawBlock type="planks" x="20" y="229" z="20"/>
          
          <DrawBlock type="planks" x="19" y="230" z="19"/>
      </DrawingDecorator>  
      <ServerQuitFromTimeUp description="" timeLimitMs="100000"/>
      <ServerQuitWhenAnyAgentFinishes/>
    </ServerHandlers>
  </ServerSection>

  <AgentSection mode="Survival">
    <Name>Cristina</Name>
    <AgentStart>
      <Placement pitch="0" x="0.5" y="227.0" yaw="0" z="0.5"/>
    </AgentStart>
    <AgentHandlers>
      <ContinuousMovementCommands turnSpeedDegs="180"/>
      <ObservationFromFullStats/>
      <VideoProducer want_depth="false">
        <Width>320</Width>
        <Height>240</Height>
      </VideoProducer>
      <RewardForReachingPosition>
        <Marker oneshot="true" reward="100" tolerance="1.100000023841858" x="19.5" y="227" z="19.5"/>
      </RewardForReachingPosition>      
      <AgentQuitFromReachingPosition>
        <Marker tolerance="1.100000023841858" x="19.5" y="227.0" z="19.5"/>
      </AgentQuitFromReachingPosition>
    </AgentHandlers>
  </AgentSection>

</Mission>
