<?xml version="1.0" encoding="UTF-8" ?>
    <Mission xmlns="http://ProjectMalmo.microsoft.com" xmlns:xsi="http://www.w3.org/2001/XMLSchema-instance">
        <About>
            <Summary>Everyday Minecraft life: survival</Summary>
        </About>

        <ServerSection>
            <ServerHandlers>
                <DefaultWorldGenerator />
                <ServerQuitFromTimeUp timeLimitMs="3000000" description="out_of_time"/>
                <ServerQuitWhenAnyAgentFinishes />
            </ServerHandlers>
        </ServerSection>

        <AgentSection mode="Survival">
            <Name>Rover</Name>
            <AgentStart>
                  <Placement x="-203.5" y="81.0" z="217.5"/>
            </AgentStart>
            <AgentHandlers>
                <ContinuousMovementCommands/>
                <ObservationFromFullStats/>
                <VideoProducer want_depth="false">
                   <Width>480</Width>
                   <Height>320</Height>
                </VideoProducer>
                <RewardForMissionEnd rewardForDeath="-10000">
                    <Reward description="found_goal" reward="1000" />
                    <Reward description="out_of_time" reward="-1000" />
                </RewardForMissionEnd>
                <AgentQuitFromTouchingBlockType>
                    <Block type="gold_block diamond_block redstone_block" description="found_goal" />
                </AgentQuitFromTouchingBlockType>
            </AgentHandlers>            
        </AgentSection>
    </Mission>
